f,t,person,dist,face_ok,face_vis,posture,torso,hd,p_score,p_conf,ear,ear_c,perc,p_dev,r_dev,disp,still,score,mode,state
1,0.14,False,,False,False,,,,,,,,,,,0.0,0.0,0.0,body_only,ACTIVE
2,0.25,False,,False,False,,,,,,,,,,,0.01933,0.0,0.0,body_only,ACTIVE
3,0.31,False,,False,False,,,,,,,,,,,0.01955,0.0,0.0,body_only,ACTIVE
4,0.37,False,,False,False,,,,,,,,,,,0.01995,0.0,0.0,body_only,ACTIVE
5,0.43,False,,False,False,,,,,,,,,,,0.01948,0.0,0.0,body_only,ACTIVE
6,0.51,False,,False,False,,,,,,,,,,,0.01928,0.0,0.0,body_only,ACTIVE
7,0.58,False,,False,False,,,,,,,,,,,0.0193,0.0,0.0,body_only,ACTIVE
8,0.64,False,,False,False,,,,,,,,,,,0.01981,0.0,0.0,body_only,ACTIVE
9,0.71,False,,False,False,,,,,,,,,,,0.01952,0.0,0.0,body_only,ACTIVE
10,0.77,False,,False,False,,,,,,,,,,,0.01954,0.0,0.0,body_only,ACTIVE
11,0.83,False,,False,False,,,,,,,,,,,0.01997,0.0,0.0,body_only,ACTIVE
12,0.9,False,,False,False,,,,,,,,,,,0.01972,0.0,0.0,body_only,ACTIVE
13,0.98,False,,False,False,,,,,,,,,,,0.01998,0.0,0.0,body_only,ACTIVE
14,1.04,False,,False,False,,,,,,,,,,,0.02018,0.0,0.0,body_only,ACTIVE
15,1.1,False,,False,False,,,,,,,,,,,0.01992,0.0,0.0,body_only,ACTIVE
16,1.2,False,,False,False,,,,,,,,,,,0.01861,0.0,0.0,body_only,ACTIVE
17,1.3,False,,False,False,,,,,,,,,,,0.01578,0.0,0.0,body_only,ACTIVE
18,1.41,False,,False,False,,,,,,,,,,,0.01567,0.0,0.0,body_only,ACTIVE
19,1.5,False,,False,False,,,,,,,,,,,0.01559,0.0,0.0,body_only,ACTIVE
20,1.6,False,,False,False,,,,,,,,,,,0.01567,0.0,0.0,body_only,ACTIVE
21,1.69,False,,False,False,,,,,,,,,,,0.01565,0.0,0.0,body_only,ACTIVE
22,1.79,False,,False,False,,,,,,,,,,,0.01584,0.0,0.0,body_only,ACTIVE
23,1.9,False,,False,False,,,,,,,,,,,0.0159,0.0,0.0,body_only,ACTIVE
24,2.0,False,,False,False,,,,,,,,,,,0.01592,0.0,0.0,body_only,ACTIVE
25,2.09,False,,False,False,,,,,,,,,,,0.0155,0.0,0.0,body_only,ACTIVE
26,2.19,False,,False,False,,,,,,,,,,,0.01567,0.0,0.0,body_only,ACTIVE
27,2.29,False,,False,False,,,,,,,,,,,0.01543,0.0,0.0,body_only,ACTIVE
28,2.4,False,,False,False,,,,,,,,,,,0.01576,0.0,0.0,body_only,ACTIVE
29,2.5,False,,False,False,,,,,,,,,,,0.01547,0.0,0.0,body_only,ACTIVE
30,2.59,False,,False,False,,,,,,,,,,,0.0155,0.0,0.0,body_only,ACTIVE
31,2.69,False,,False,False,,,,,,,,,,,0.0158,0.0,0.0,body_only,ACTIVE
32,2.8,False,,False,False,,,,,,,,,,,0.01583,0.0,0.0,body_only,ACTIVE
33,2.89,False,,False,False,,,,,,,,,,,0.01538,0.0,0.0,body_only,ACTIVE
34,2.99,False,,False,False,,,,,,,,,,,0.01574,0.0,0.0,body_only,ACTIVE
35,3.09,False,,False,False,,,,,,,,,,,0.01577,0.0,0.0,body_only,ACTIVE
36,3.18,False,,False,False,,,,,,,,,,,0.01573,0.0,0.0,body_only,ACTIVE
37,3.3,False,,False,False,,,,,,,,,,,0.0158,0.0,0.0,body_only,ACTIVE
38,3.39,False,,False,False,,,,,,,,,,,0.01561,0.0,0.0,body_only,ACTIVE
39,3.49,False,,False,False,,,,,,,,,,,0.01571,0.0,0.0,body_only,ACTIVE
40,3.58,False,,False,False,,,,,,,,,,,0.01593,0.0,0.0,body_only,ACTIVE
41,3.68,False,,False,False,,,,,,,,,,,0.01553,0.0,0.0,body_only,ACTIVE
42,3.79,False,,False,False,,,,,,,,,,,0.01524,0.0,0.0,body_only,ACTIVE
43,3.89,False,,False,False,,,,,,,,,,,0.0158,0.0,0.0,body_only,ACTIVE
44,3.98,False,,False,False,,,,,,,,,,,0.01584,0.0,0.0,body_only,ACTIVE
45,4.08,False,,False,False,,,,,,,,,,,0.01547,0.0,0.0,body_only,ACTIVE
46,4.19,False,,False,False,,,,,,,,,,,0.01535,0.0,0.0,body_only,ACTIVE
47,4.29,False,,False,False,,,,,,,,,,,0.01553,0.0,0.0,body_only,ACTIVE
48,4.38,False,,False,False,,,,,,,,,,,0.01545,0.0,0.0,body_only,ACTIVE
49,4.48,False,,False,False,,,,,,,,,,,0.01544,0.0,0.0,body_only,ACTIVE
50,4.58,False,,False,False,,,,,,,,,,,0.01557,0.0,0.0,body_only,ACTIVE
51,4.69,False,,False,False,,,,,,,,,,,0.0156,0.0,0.0,body_only,ACTIVE
52,4.79,False,,False,False,,,,,,,,,,,0.01553,0.0,0.0,body_only,ACTIVE
53,4.88,False,,False,False,,,,,,,,,,,0.01553,0.0,0.0,body_only,ACTIVE
54,4.97,False,,False,False,,,,,,,,,,,0.01582,0.0,0.0,body_only,ACTIVE
55,5.09,False,,False,False,,,,,,,,,,,0.01555,0.0,0.0,body_only,ACTIVE
56,5.18,False,,False,False,,,,,,,,,,,0.01569,0.0,0.0,body_only,ACTIVE
57,5.28,False,,False,False,,,,,,,,,,,0.01568,0.0,0.0,body_only,ACTIVE
58,5.38,False,,False,False,,,,,,,,,,,0.01569,0.0,0.0,body_only,ACTIVE
59,5.47,False,,False,False,,,,,,,,,,,0.01546,0.0,0.0,body_only,ACTIVE
60,5.58,False,,False,False,,,,,,,,,,,0.01583,0.0,0.0,body_only,ACTIVE
61,5.68,False,,False,False,,,,,,,,,,,0.01554,0.0,0.0,body_only,ACTIVE
62,5.78,False,,False,False,,,,,,,,,,,0.01557,0.0,0.0,body_only,ACTIVE
63,5.87,False,,False,False,,,,,,,,,,,0.01581,0.0,0.0,body_only,ACTIVE
64,5.96,False,,False,False,,,,,,,,,,,0.01599,0.0,0.0,body_only,ACTIVE
65,6.08,False,,False,False,,,,,,,,,,,0.0153,0.0,0.0,body_only,ACTIVE
66,6.17,False,,False,False,,,,,,,,,,,0.01525,0.0,0.0,body_only,ACTIVE
67,6.27,False,,False,False,,,,,,,,,,,0.01541,0.0,0.0,body_only,ACTIVE
68,6.37,False,,False,False,,,,,,,,,,,0.01564,0.0,0.0,body_only,ACTIVE
69,6.48,False,,False,False,,,,,,,,,,,0.01571,0.0,0.0,body_only,ACTIVE
70,6.58,False,,False,False,,,,,,,,,,,0.01562,0.0,0.0,body_only,ACTIVE
71,6.67,False,,False,False,,,,,,,,,,,0.01582,0.0,0.0,body_only,ACTIVE
72,6.77,False,,False,False,,,,,,,,,,,0.01568,0.0,0.0,body_only,ACTIVE
73,6.87,False,,False,False,,,,,,,,,,,0.01558,0.0,0.0,body_only,ACTIVE
74,6.97,False,,False,False,,,,,,,,,,,0.01572,0.0,0.0,body_only,ACTIVE
75,7.07,False,,False,False,,,,,,,,,,,0.01587,0.0,0.0,body_only,ACTIVE
76,7.17,False,,False,False,,,,,,,,,,,0.01573,0.0,0.0,body_only,ACTIVE
77,7.26,False,,False,False,,,,,,,,,,,0.01568,0.0,0.0,body_only,ACTIVE
78,7.36,False,,False,False,,,,,,,,,,,0.01582,0.0,0.0,body_only,ACTIVE
79,7.47,False,,False,False,,,,,,,,,,,0.0157,0.0,0.0,body_only,ACTIVE
80,7.57,False,,False,False,,,,,,,,,,,0.01569,0.0,0.0,body_only,ACTIVE
81,7.67,False,,False,False,,,,,,,,,,,0.01554,0.0,0.0,body_only,ACTIVE
82,7.76,False,,False,False,,,,,,,,,,,0.01571,0.0,0.0,body_only,ACTIVE
83,7.87,False,,False,False,,,,,,,,,,,0.01586,0.0,0.0,body_only,ACTIVE
84,7.97,False,,False,False,,,,,,,,,,,0.01568,0.0,0.0,body_only,ACTIVE
85,8.06,False,,False,False,,,,,,,,,,,0.01576,0.0,0.0,body_only,ACTIVE
86,8.16,False,,False,False,,,,,,,,,,,0.01582,0.0,0.0,body_only,ACTIVE
87,8.25,False,,False,False,,,,,,,,,,,0.01567,0.0,0.0,body_only,ACTIVE
88,8.37,False,,False,False,,,,,,,,,,,0.01574,0.0,0.0,body_only,ACTIVE
89,8.46,False,,False,False,,,,,,,,,,,0.01579,0.0,0.0,body_only,ACTIVE
90,8.56,False,,False,False,,,,,,,,,,,0.01561,0.0,0.0,body_only,ACTIVE
91,8.66,False,,False,False,,,,,,,,,,,0.01552,0.0,0.0,body_only,ACTIVE
92,8.75,False,,False,False,,,,,,,,,,,0.01566,0.0,0.0,body_only,ACTIVE
93,8.86,False,,False,False,,,,,,,,,,,0.01564,0.0,0.0,body_only,ACTIVE
94,8.96,False,,False,False,,,,,,,,,,,0.01575,0.0,0.0,body_only,ACTIVE
95,9.05,False,,False,False,,,,,,,,,,,0.01558,0.0,0.0,body_only,ACTIVE
96,9.15,False,,False,False,,,,,,,,,,,0.01579,0.0,0.0,body_only,ACTIVE
97,9.26,False,,False,False,,,,,,,,,,,0.01573,0.0,0.0,body_only,ACTIVE
98,9.36,False,,False,False,,,,,,,,,,,0.0155,0.0,0.0,body_only,ACTIVE
99,9.46,False,,False,False,,,,,,,,,,,0.0157,0.0,0.0,body_only,ACTIVE
100,9.55,False,,False,False,,,,,,,,,,,0.01551,0.0,0.0,body_only,ACTIVE
101,9.65,False,,False,False,,,,,,,,,,,0.01562,0.0,0.0,body_only,ACTIVE
102,9.76,False,,False,False,,,,,,,,,,,0.01574,0.0,0.0,body_only,ACTIVE
103,9.86,False,,False,False,,,,,,,,,,,0.01564,0.0,0.0,body_only,ACTIVE
104,9.95,False,,False,False,,,,,,,,,,,0.01568,0.0,0.0,body_only,ACTIVE
105,10.05,False,,False,False,,,,,,,,,,,0.01575,0.0,0.0,body_only,ACTIVE
106,10.14,False,,False,False,,,,,,,,,,,0.0157,0.0,0.0,body_only,ACTIVE
107,10.25,False,,False,False,,,,,,,,,,,0.01554,0.0,0.0,body_only,ACTIVE
108,10.35,False,,False,False,,,,,,,,,,,0.01581,0.0,0.0,body_only,ACTIVE
109,10.45,False,,False,False,,,,,,,,,,,0.01547,0.0,0.0,body_only,ACTIVE
110,10.54,False,,False,False,,,,,,,,,,,0.01567,0.0,0.0,body_only,ACTIVE
111,10.66,False,,False,False,,,,,,,,,,,0.01551,0.0,0.0,body_only,ACTIVE
112,10.75,False,,False,False,,,,,,,,,,,0.0158,0.0,0.0,body_only,ACTIVE
113,10.85,False,,False,False,,,,,,,,,,,0.01567,0.0,0.0,body_only,ACTIVE
114,10.95,False,,False,False,,,,,,,,,,,0.01549,0.0,0.0,body_only,ACTIVE
115,11.04,False,,False,False,,,,,,,,,,,0.01556,0.0,0.0,body_only,ACTIVE
116,11.15,False,,False,False,,,,,,,,,,,0.01581,0.0,0.0,body_only,ACTIVE
117,11.25,False,,False,False,,,,,,,,,,,0.01575,0.0,0.0,body_only,ACTIVE
118,11.35,False,,False,False,,,,,,,,,,,0.01567,0.0,0.0,body_only,ACTIVE
119,11.44,False,,False,False,,,,,,,,,,,0.01557,0.0,0.0,body_only,ACTIVE
120,11.55,False,,False,False,,,,,,,,,,,0.01554,0.0,0.0,body_only,ACTIVE
121,11.65,False,,False,False,,,,,,,,,,,0.01569,0.0,0.0,body_only,ACTIVE
122,11.75,False,,False,False,,,,,,,,,,,0.01586,0.0,0.0,body_only,ACTIVE
123,11.84,False,,False,False,,,,,,,,,,,0.0158,0.0,0.0,body_only,ACTIVE
124,11.94,False,,False,False,,,,,,,,,,,0.01565,0.0,0.0,body_only,ACTIVE
125,12.05,False,,False,False,,,,,,,,,,,0.01555,0.0,0.0,body_only,ACTIVE
126,12.14,False,,False,False,,,,,,,,,,,0.01548,0.0,0.0,body_only,ACTIVE
127,12.24,False,,False,False,,,,,,,,,,,0.01564,0.0,0.0,body_only,ACTIVE
128,12.34,False,,False,False,,,,,,,,,,,0.01551,0.0,0.0,body_only,ACTIVE
129,12.43,False,,False,False,,,,,,,,,,,0.0157,0.0,0.0,body_only,ACTIVE
130,12.54,False,,False,False,,,,,,,,,,,0.01575,0.0,0.0,body_only,ACTIVE
131,12.64,False,,False,False,,,,,,,,,,,0.01568,0.0,0.0,body_only,ACTIVE
132,12.74,False,,False,False,,,,,,,,,,,0.01549,0.0,0.0,body_only,ACTIVE
133,12.83,False,,False,False,,,,,,,,,,,0.01587,0.0,0.0,body_only,ACTIVE
134,12.94,False,,False,False,,,,,,,,,,,0.01544,0.0,0.0,body_only,ACTIVE
135,13.04,False,,False,False,,,,,,,,,,,0.01561,0.0,0.0,body_only,ACTIVE
136,13.13,False,,False,False,,,,,,,,,,,0.01565,0.0,0.0,body_only,ACTIVE
137,13.23,False,,False,False,,,,,,,,,,,0.01571,0.0,0.0,body_only,ACTIVE
138,13.33,False,,False,False,,,,,,,,,,,0.01574,0.0,0.0,body_only,ACTIVE
139,13.44,False,,False,False,,,,,,,,,,,0.01553,0.0,0.0,body_only,ACTIVE
140,13.54,False,,False,False,,,,,,,,,,,0.01555,0.0,0.0,body_only,ACTIVE
141,13.63,False,,False,False,,,,,,,,,,,0.01564,0.0,0.0,body_only,ACTIVE
142,13.73,False,,False,False,,,,,,,,,,,0.01561,0.0,0.0,body_only,ACTIVE
143,13.82,False,,False,False,,,,,,,,,,,0.01583,0.0,0.0,body_only,ACTIVE
144,13.94,False,,False,False,,,,,,,,,,,0.01588,0.0,0.0,body_only,ACTIVE
145,14.03,False,,False,False,,,,,,,,,,,0.016,0.0,0.0,body_only,ACTIVE
146,14.13,False,,False,False,,,,,,,,,,,0.01587,0.0,0.0,body_only,ACTIVE
147,14.23,False,,False,False,,,,,,,,,,,0.01563,0.0,0.0,body_only,ACTIVE
148,14.34,False,,False,False,,,,,,,,,,,0.01568,0.0,0.0,body_only,ACTIVE
149,14.43,False,,False,False,,,,,,,,,,,0.01572,0.0,0.0,body_only,ACTIVE
150,14.53,False,,False,False,,,,,,,,,,,0.01562,0.0,0.0,body_only,ACTIVE
151,14.62,False,,False,False,,,,,,,,,,,0.0156,0.0,0.0,body_only,ACTIVE
152,14.72,False,,False,False,,,,,,,,,,,0.01552,0.0,0.0,body_only,ACTIVE
153,14.83,False,,False,False,,,,,,,,,,,0.0153,0.0,0.0,body_only,ACTIVE
154,14.93,False,,False,False,,,,,,,,,,,0.01542,0.0,0.0,body_only,ACTIVE
155,15.02,False,,False,False,,,,,,,,,,,0.01556,0.0,0.0,body_only,ACTIVE
156,15.12,False,,False,False,,,,,,,,,,,0.01575,0.0,0.0,body_only,ACTIVE
157,15.22,False,,False,False,,,,,,,,,,,0.01608,0.0,0.0,body_only,ACTIVE
158,15.33,False,,False,False,,,,,,,,,,,0.01597,0.0,0.0,body_only,ACTIVE
159,15.42,False,,False,False,,,,,,,,,,,0.01559,0.0,0.0,body_only,ACTIVE
160,15.52,False,,False,False,,,,,,,,,,,0.01539,0.0,0.0,body_only,ACTIVE
161,15.61,False,,False,False,,,,,,,,,,,0.01565,0.0,0.0,body_only,ACTIVE
162,15.73,False,,False,False,,,,,,,,,,,0.01565,0.0,0.0,body_only,ACTIVE
163,15.82,False,,False,False,,,,,,,,,,,0.01554,0.0,0.0,body_only,ACTIVE
164,15.92,False,,False,False,,,,,,,,,,,0.01574,0.0,0.0,body_only,ACTIVE
165,16.01,False,,False,False,,,,,,,,,,,0.01569,0.0,0.0,body_only,ACTIVE
166,16.11,False,,False,False,,,,,,,,,,,0.01594,0.0,0.0,body_only,ACTIVE
167,16.22,False,,False,False,,,,,,,,,,,0.01569,0.0,0.0,body_only,ACTIVE
168,16.32,False,,False,False,,,,,,,,,,,0.01556,0.0,0.0,body_only,ACTIVE
169,16.42,False,,False,False,,,,,,,,,,,0.01587,0.0,0.0,body_only,ACTIVE
170,16.51,False,,False,False,,,,,,,,,,,0.01558,0.0,0.0,body_only,ACTIVE
171,16.63,False,,False,False,,,,,,,,,,,0.01581,0.0,0.0,body_only,ACTIVE
172,16.72,False,,False,False,,,,,,,,,,,0.01555,0.0,0.0,body_only,ACTIVE
173,16.82,False,,False,False,,,,,,,,,,,0.01535,0.0,0.0,body_only,ACTIVE
174,16.91,False,,False,False,,,,,,,,,,,0.01549,0.0,0.0,body_only,ACTIVE
175,17.01,False,,False,False,,,,,,,,,,,0.01563,0.0,0.0,body_only,ACTIVE
176,17.12,False,,False,False,,,,,,,,,,,0.01561,0.0,0.0,body_only,ACTIVE
177,17.22,False,,False,False,,,,,,,,,,,0.01571,0.0,0.0,body_only,ACTIVE
178,17.31,False,,False,False,,,,,,,,,,,0.01585,0.0,0.0,body_only,ACTIVE
179,17.41,False,,False,False,,,,,,,,,,,0.01595,0.0,0.0,body_only,ACTIVE
180,17.5,False,,False,False,,,,,,,,,,,0.01602,0.0,0.0,body_only,ACTIVE
181,17.61,False,,False,False,,,,,,,,,,,0.01547,0.0,0.0,body_only,ACTIVE
182,17.71,False,,False,False,,,,,,,,,,,0.01556,0.0,0.0,body_only,ACTIVE
183,17.81,False,,False,False,,,,,,,,,,,0.01543,0.0,0.0,body_only,ACTIVE
184,17.91,False,,False,False,,,,,,,,,,,0.01562,0.0,0.0,body_only,ACTIVE
185,18.02,False,,False,False,,,,,,,,,,,0.01541,0.0,0.0,body_only,ACTIVE
186,18.11,False,,False,False,,,,,,,,,,,0.0156,0.0,0.0,body_only,ACTIVE
187,18.21,False,,False,False,,,,,,,,,,,0.01562,0.0,0.0,body_only,ACTIVE
188,18.3,False,,False,False,,,,,,,,,,,0.01575,0.0,0.0,body_only,ACTIVE
189,18.4,False,,False,False,,,,,,,,,,,0.01532,0.0,0.0,body_only,ACTIVE
190,18.51,False,,False,False,,,,,,,,,,,0.0158,0.0,0.0,body_only,ACTIVE
191,18.61,False,,False,False,,,,,,,,,,,0.01565,0.0,0.0,body_only,ACTIVE
192,18.7,False,,False,False,,,,,,,,,,,0.01536,0.0,0.0,body_only,ACTIVE
193,18.8,False,,False,False,,,,,,,,,,,0.01556,0.0,0.0,body_only,ACTIVE
194,18.9,False,,False,False,,,,,,,,,,,0.01529,0.0,0.0,body_only,ACTIVE
195,19.01,False,,False,False,,,,,,,,,,,0.01578,0.0,0.0,body_only,ACTIVE
196,19.1,False,,False,False,,,,,,,,,,,0.01553,0.0,0.0,body_only,ACTIVE
197,19.2,False,,False,False,,,,,,,,,,,0.01557,0.0,0.0,body_only,ACTIVE
198,19.29,False,,False,False,,,,,,,,,,,0.01568,0.0,0.0,body_only,ACTIVE
199,19.41,False,,False,False,,,,,,,,,,,0.01567,0.0,0.0,body_only,ACTIVE
200,19.5,False,,False,False,,,,,,,,,,,0.01548,0.0,0.0,body_only,ACTIVE
201,19.6,False,,False,False,,,,,,,,,,,0.01564,0.0,0.0,body_only,ACTIVE
202,19.69,False,,False,False,,,,,,,,,,,0.01562,0.0,0.0,body_only,ACTIVE
203,19.79,False,,False,False,,,,,,,,,,,0.01576,0.0,0.0,body_only,ACTIVE
204,19.9,False,,False,False,,,,,,,,,,,0.01551,0.0,0.0,body_only,ACTIVE
205,20.0,False,,False,False,,,,,,,,,,,0.01551,0.0,0.0,body_only,ACTIVE
206,20.09,False,,False,False,,,,,,,,,,,0.0156,0.0,0.0,body_only,ACTIVE
207,20.19,False,,False,False,,,,,,,,,,,0.01555,0.0,0.0,body_only,ACTIVE
208,20.29,False,,False,False,,,,,,,,,,,0.01544,0.0,0.0,body_only,ACTIVE
209,20.4,False,,False,False,,,,,,,,,,,0.01561,0.0,0.0,body_only,ACTIVE
210,20.5,False,,False,False,,,,,,,,,,,0.01554,0.0,0.0,body_only,ACTIVE
211,20.59,False,,False,False,,,,,,,,,,,0.0156,0.0,0.0,body_only,ACTIVE
212,20.69,False,,False,False,,,,,,,,,,,0.0155,0.0,0.0,body_only,ACTIVE
213,20.8,False,,False,False,,,,,,,,,,,0.01595,0.0,0.0,body_only,ACTIVE
214,20.9,False,,False,False,,,,,,,,,,,0.01638,0.0,0.0,body_only,ACTIVE
215,20.99,False,,False,False,,,,,,,,,,,0.01846,0.0,0.0,body_only,ACTIVE
216,21.09,False,,False,False,,,,,,,,,,,0.01985,0.0,0.0,body_only,ACTIVE
217,21.18,False,,False,False,,,,,,,,,,,0.02129,0.0,0.0,body_only,ACTIVE
218,21.3,False,,False,False,,,,,,,,,,,0.0232,0.0,0.0,body_only,ACTIVE
219,21.39,False,,False,False,,,,,,,,,,,0.02341,0.0,0.0,body_only,ACTIVE
220,21.49,False,,False,False,,,,,,,,,,,0.02501,0.0,0.0,body_only,ACTIVE
221,21.59,False,,False,False,,,,,,,,,,,0.0282,0.0,0.0,body_only,ACTIVE
222,21.69,True,2.67,False,False,SLOUCHED,38.8,-0.013,0.658,1.0,,,,,,0.0,0.0,0.351,body_only,ACTIVE
223,21.79,True,2.67,False,False,SLOUCHED,38.8,-0.013,0.658,1.0,,,,,,0.0,0.1,0.356,body_only,ACTIVE
224,21.89,True,2.67,False,False,SLOUCHED,38.8,-0.013,0.658,1.0,,,,,,0.0,0.2,0.361,body_only,ACTIVE
225,21.98,False,,False,False,SLOUCHED,38.8,-0.013,0.658,1.0,,,,,,0.06764,0.0,0.351,body_only,ACTIVE
226,22.08,False,,False,False,SLOUCHED,38.8,-0.013,0.658,1.0,,,,,,0.05226,0.0,0.351,body_only,ACTIVE
227,22.19,False,,False,False,SLOUCHED,38.8,-0.013,0.658,1.0,,,,,,0.05564,0.0,0.351,body_only,ACTIVE
228,22.29,False,,False,False,SLOUCHED,38.8,-0.013,0.658,1.0,,,,,,0.07329,0.0,0.351,body_only,ACTIVE
229,22.38,False,,False,False,SLOUCHED,38.8,-0.013,0.658,1.0,,,,,,0.07765,0.0,0.351,body_only,ACTIVE
230,22.48,False,,False,False,SLOUCHED,38.8,-0.013,0.658,1.0,,,,,,0.07954,0.0,0.351,body_only,ACTIVE
231,22.58,False,,False,False,SLOUCHED,38.8,-0.013,0.658,1.0,,,,,,0.08145,0.0,0.351,body_only,ACTIVE
232,22.69,False,,False,False,SLOUCHED,38.8,-0.013,0.658,1.0,,,,,,0.08502,0.0,0.351,body_only,ACTIVE
233,22.78,False,,False,False,SLOUCHED,38.8,-0.013,0.658,1.0,,,,,,0.07617,0.0,0.351,body_only,ACTIVE
234,22.88,False,,False,False,SLOUCHED,38.8,-0.013,0.658,1.0,,,,,,0.07447,0.0,0.351,body_only,ACTIVE
235,22.98,False,,False,False,SLOUCHED,38.8,-0.013,0.658,1.0,,,,,,0.07042,0.0,0.351,body_only,ACTIVE
236,23.09,False,,False,False,SLOUCHED,38.8,-0.013,0.658,1.0,,,,,,0.07848,0.0,0.351,body_only,ACTIVE
237,23.18,True,0.29,True,False,SLOUCHED,28.3,-0.072,0.433,0.96,,,,,,0.0,0.0,0.231,body_only,ACTIVE
238,23.28,True,0.29,True,True,SLOUCHED,28.3,-0.072,0.433,0.96,0.3376,0.0,0.0,44.5,49.0,0.0,0.1,0.472,full,ACTIVE
239,23.38,True,0.29,True,True,SLOUCHED,28.3,-0.072,0.433,0.96,0.3699,0.0,0.0,21.2,33.8,0.0,0.2,0.466,full,ACTIVE
240,23.47,True,0.45,True,True,SLOUCHED,20.4,-0.131,0.354,0.92,0.3693,0.0,0.0,67.1,22.9,0.04604,0.0,0.434,full,ACTIVE
241,23.58,True,0.45,True,True,SLOUCHED,20.4,-0.131,0.354,0.92,0.3535,0.0,0.0,5.9,67.6,0.0,0.0,0.434,full,ACTIVE
242,23.68,True,0.45,True,True,SLOUCHED,20.4,-0.131,0.354,0.92,0.3401,0.0,0.0,46.2,46.8,0.0,0.1,0.436,full,ACTIVE
243,23.78,True,0.46,True,True,UPRIGHT,14.8,-0.164,0.099,0.89,0.2805,0.0,0.0,82.0,31.5,0.02084,0.0,0.318,full,ACTIVE
244,23.87,True,0.46,True,True,UPRIGHT,14.8,-0.164,0.099,0.89,0.2228,0.28,0.0,109.0,20.8,0.0,0.0,0.318,full,ACTIVE
245,23.97,True,0.46,True,True,UPRIGHT,14.8,-0.164,0.099,0.89,0.2361,0.0,0.0,115.2,66.9,0.0,0.1,0.318,full,ACTIVE
246,24.08,True,0.47,True,True,UPRIGHT,10.8,-0.167,0.072,0.86,0.1831,0.37,11.1,130.2,44.2,0.06114,0.0,0.432,full,ACTIVE
247,24.17,True,0.47,True,True,UPRIGHT,10.8,-0.167,0.072,0.86,0.1565,0.17,20.0,141.5,28.6,0.0,0.0,0.305,full,ACTIVE
248,24.27,True,0.47,True,True,UPRIGHT,10.8,-0.167,0.072,0.86,0.1629,0.19,27.3,148.2,18.0,0.0,0.1,0.308,full,ACTIVE
249,24.37,True,0.5,True,False,UPRIGHT,7.8,-0.167,0.052,0.84,,,,,,0.03685,0.0,0.425,memory,ACTIVE
250,24.48,True,0.5,True,True,UPRIGHT,7.8,-0.167,0.052,0.84,0.2031,0.0,25.0,156.1,9.4,0.0,0.0,0.296,full,ACTIVE
251,24.58,True,0.5,True,True,UPRIGHT,7.8,-0.167,0.052,0.84,0.1625,0.0,30.8,161.1,4.2,0.0,0.1,0.299,full,ACTIVE
252,24.67,True,0.51,True,True,UPRIGHT,5.7,-0.173,0.038,0.82,0.2089,0.0,28.6,164.5,0.7,0.01417,0.0,0.29,full,ACTIVE
253,24.77,True,0.51,True,True,UPRIGHT,5.7,-0.173,0.038,0.82,0.232,0.0,26.7,167.3,1.4,0.0,0.0,0.29,full,ACTIVE
254,24.87,True,0.51,True,True,UPRIGHT,5.7,-0.173,0.038,0.82,0.2733,0.0,25.0,170.1,3.1,0.0,0.1,0.291,full,ACTIVE
255,24.98,True,0.46,True,True,UPRIGHT,4.3,-0.183,0.029,0.8,0.254,0.0,23.5,171.2,3.9,0.03507,0.0,0.286,full,ACTIVE
256,25.07,True,0.46,True,True,UPRIGHT,4.3,-0.183,0.029,0.8,0.2461,0.0,22.2,172.7,4.0,0.0,0.0,0.286,full,ACTIVE
257,25.17,True,0.46,True,True,UPRIGHT,4.3,-0.183,0.029,0.8,0.2392,0.0,21.1,174.0,4.4,0.0,0.1,0.287,full,ACTIVE
258,25.26,True,0.7,True,True,UPRIGHT,3.2,-0.192,0.021,0.78,0.2149,0.0,20.0,174.2,4.4,0.0213,0.0,0.282,full,ACTIVE
259,25.36,True,0.7,True,True,UPRIGHT,3.2,-0.192,0.021,0.78,0.1895,0.0,23.8,173.1,56.7,0.0,0.0,0.282,full,ACTIVE
260,25.47,True,0.7,True,True,UPRIGHT,3.2,-0.192,0.021,0.78,0.1904,0.0,27.3,173.0,40.4,0.0,0.1,0.285,full,ACTIVE
261,25.57,True,0.7,True,True,UPRIGHT,2.4,-0.202,0.016,0.76,0.2016,0.0,26.1,171.3,80.7,0.01818,0.0,0.28,full,ACTIVE
262,25.66,True,0.7,True,True,UPRIGHT,2.4,-0.202,0.016,0.76,0.2049,0.0,25.0,169.0,107.8,0.0,0.0,0.28,full,ACTIVE
263,25.76,True,0.7,True,True,UPRIGHT,2.4,-0.202,0.016,0.76,0.2229,0.0,24.0,166.4,126.1,0.0,0.1,0.281,full,ACTIVE
264,25.87,True,0.71,True,True,UPRIGHT,1.8,-0.21,0.012,0.75,0.2387,0.0,23.1,167.5,87.8,0.00807,0.0,0.278,full,ACTIVE
265,25.97,True,0.71,True,True,UPRIGHT,1.8,-0.21,0.012,0.75,0.2399,0.0,22.2,168.6,61.2,0.0,0.0,0.278,full,ACTIVE
266,26.06,True,0.71,True,True,UPRIGHT,1.8,-0.21,0.012,0.75,0.2358,0.0,21.4,167.4,94.6,0.0,0.1,0.279,full,ACTIVE
267,26.16,True,0.73,True,True,UPRIGHT,1.3,-0.209,0.009,0.74,0.2314,0.0,20.7,167.2,118.7,0.01499,0.0,0.277,full,ACTIVE
268,26.26,True,0.73,True,True,UPRIGHT,1.3,-0.209,0.009,0.74,0.2366,0.0,20.0,168.9,83.4,0.0,0.0,0.277,full,ACTIVE
269,26.37,True,0.73,True,True,UPRIGHT,1.3,-0.209,0.009,0.74,0.2475,0.0,19.4,168.2,110.8,0.0,0.1,0.278,full,ACTIVE
270,26.46,True,0.73,True,True,UPRIGHT,1.1,-0.211,0.007,0.73,0.2588,0.0,18.8,167.8,130.0,0.01212,0.0,0.276,full,ACTIVE
271,26.56,True,0.73,True,True,UPRIGHT,1.1,-0.211,0.007,0.73,0.2691,0.0,18.2,167.3,143.2,0.0,0.0,0.276,full,ACTIVE
272,26.66,True,0.73,True,True,UPRIGHT,1.1,-0.211,0.007,0.73,0.2809,0.0,17.6,167.1,152.4,0.0,0.1,0.277,full,ACTIVE
273,26.75,True,0.74,True,True,UPRIGHT,0.8,-0.221,0.005,0.71,0.2847,0.0,17.1,167.7,159.1,0.0,0.2,0.277,full,ACTIVE
274,26.87,True,0.74,True,True,UPRIGHT,0.8,-0.221,0.005,0.71,0.2848,0.0,16.7,168.2,163.7,0.0,0.3,0.278,full,ACTIVE
275,26.93,True,0.74,True,True,UPRIGHT,0.8,-0.221,0.005,0.71,0.2819,0.0,16.2,167.7,167.0,0.0,0.4,0.278,full,ACTIVE
276,26.99,True,0.97,True,True,UPRIGHT,0.7,-0.225,0.005,0.7,0.2825,0.0,15.8,169.6,117.3,0.0,0.4,0.278,full,ACTIVE
277,27.06,True,0.97,True,True,UPRIGHT,0.7,-0.225,0.005,0.7,0.2816,0.0,15.4,170.8,82.5,0.0,0.5,0.279,full,ACTIVE
278,27.12,True,0.97,True,True,UPRIGHT,0.7,-0.225,0.005,0.7,0.2838,0.0,15.0,172.2,58.3,0.0,0.6,0.279,full,ACTIVE
279,27.18,True,0.91,True,True,UPRIGHT,0.8,-0.224,0.005,0.69,0.2856,0.0,14.6,171.6,93.4,0.00784,0.6,0.28,full,ACTIVE
280,27.26,True,0.91,True,True,UPRIGHT,0.8,-0.224,0.005,0.69,0.292,0.0,14.3,173.0,66.2,0.0,0.7,0.281,full,ACTIVE
281,27.33,True,0.91,True,True,UPRIGHT,0.8,-0.224,0.005,0.69,0.2962,0.0,14.0,174.5,47.3,0.0,0.8,0.282,full,ACTIVE
282,27.39,True,0.97,True,True,UPRIGHT,1.0,-0.221,0.006,0.69,0.2975,0.0,13.6,174.2,86.3,0.0069,0.8,0.282,full,ACTIVE
283,27.46,True,0.97,True,True,UPRIGHT,1.0,-0.221,0.006,0.69,0.2991,0.0,13.3,173.8,113.5,0.0,0.9,0.283,full,ACTIVE
284,27.52,True,0.97,True,True,UPRIGHT,1.0,-0.221,0.006,0.69,0.2987,0.0,13.0,174.6,80.7,0.0,1.0,0.284,full,ACTIVE
285,27.58,True,0.9,True,True,UPRIGHT,0.7,-0.221,0.005,0.68,0.2987,0.0,12.8,174.7,57.7,0.01385,0.0,0.275,full,ACTIVE
286,27.65,True,0.9,True,True,UPRIGHT,0.7,-0.221,0.005,0.68,0.2976,0.0,12.5,174.7,41.6,0.0,0.0,0.275,full,ACTIVE
287,27.73,True,0.9,True,True,UPRIGHT,0.7,-0.221,0.005,0.68,0.2905,0.0,12.2,174.6,30.1,0.0,0.1,0.276,full,ACTIVE
288,27.79,True,0.95,True,True,UPRIGHT,0.7,-0.218,0.005,0.67,0.2824,0.6,12.0,1.9,16.9,0.00977,0.0,0.127,full,ACTIVE
289,27.86,True,0.95,True,True,UPRIGHT,0.7,-0.218,0.005,0.67,0.2764,0.57,11.8,3.3,28.8,0.0,0.0,0.192,full,ACTIVE
290,27.92,True,0.95,True,True,UPRIGHT,0.7,-0.218,0.005,0.67,0.2677,0.57,11.5,4.4,37.0,0.0,0.1,0.226,full,ACTIVE
291,27.98,True,1.0,True,True,UPRIGHT,0.6,-0.216,0.004,0.66,0.2661,0.6,11.3,5.4,42.7,0.00925,0.0,0.224,full,ACTIVE
292,28.05,True,1.0,True,True,UPRIGHT,0.6,-0.216,0.004,0.66,0.2717,0.63,11.1,6.0,46.7,0.0,0.0,0.221,full,ACTIVE
293,28.13,True,1.0,True,True,UPRIGHT,0.6,-0.216,0.004,0.66,0.2788,0.58,10.9,5.8,49.3,0.0,0.1,0.224,full,ACTIVE
294,28.19,True,0.93,True,True,UPRIGHT,0.6,-0.216,0.004,0.66,0.2844,0.5,10.7,5.7,51.3,0.0052,0.1,0.229,full,ACTIVE
295,28.26,True,0.93,True,True,UPRIGHT,0.6,-0.216,0.004,0.66,0.2911,0.32,10.5,6.4,52.6,0.0,0.2,0.243,full,ACTIVE
296,28.32,True,0.93,True,True,UPRIGHT,0.6,-0.216,0.004,0.66,0.2864,0.62,10.3,7.0,53.4,0.0,0.3,0.221,full,ACTIVE
297,28.38,True,0.91,True,True,UPRIGHT,0.6,-0.221,0.004,0.65,0.2765,1.0,10.2,7.0,53.8,0.00808,0.0,0.199,full,ACTIVE
298,28.45,True,0.91,True,True,UPRIGHT,0.6,-0.221,0.004,0.65,0.2632,1.0,10.0,7.5,53.5,0.0,0.0,0.198,full,ACTIVE
299,28.51,True,0.91,True,True,UPRIGHT,0.6,-0.221,0.004,0.65,0.2633,1.0,9.8,7.8,53.8,0.0,0.1,0.198,full,ACTIVE
300,28.59,True,0.91,True,True,UPRIGHT,0.5,-0.223,0.003,0.65,0.2639,1.0,9.7,7.5,53.4,0.00629,0.1,0.198,full,ACTIVE
301,28.66,True,0.91,True,True,UPRIGHT,0.5,-0.223,0.003,0.65,0.2743,1.0,9.5,6.9,53.1,0.0,0.2,0.197,full,ACTIVE
302,28.72,True,0.91,True,True,UPRIGHT,0.5,-0.223,0.003,0.65,0.286,1.0,9.4,6.3,53.1,0.0,0.3,0.197,full,ACTIVE
303,28.78,True,0.92,True,True,UPRIGHT,0.5,-0.228,0.003,0.64,0.3033,1.0,9.2,5.1,53.1,0.0051,0.3,0.197,full,ACTIVE
304,28.85,True,0.92,True,True,UPRIGHT,0.5,-0.228,0.003,0.64,0.3035,1.0,9.1,5.0,53.0,0.0,0.4,0.197,full,ACTIVE
305,28.91,True,0.92,True,True,UPRIGHT,0.5,-0.228,0.003,0.64,0.3022,1.0,9.0,5.6,52.8,0.0,0.5,0.196,full,ACTIVE
306,28.97,True,0.92,True,True,UPRIGHT,0.5,-0.221,0.004,0.64,0.3002,1.0,8.8,5.9,52.7,0.01492,0.0,0.194,full,ACTIVE
307,29.06,True,0.92,True,True,UPRIGHT,0.5,-0.221,0.004,0.64,0.3025,1.0,8.7,5.7,52.6,0.0,0.0,0.193,full,ACTIVE
308,29.12,True,0.92,True,True,UPRIGHT,0.5,-0.221,0.004,0.64,0.2949,1.0,8.6,5.5,52.6,0.0,0.1,0.193,full,ACTIVE
309,29.18,True,0.92,True,True,UPRIGHT,0.7,-0.223,0.004,0.63,0.288,1.0,8.5,5.6,52.4,0.01236,0.0,0.192,full,ACTIVE
310,29.25,True,0.92,True,True,UPRIGHT,0.7,-0.223,0.004,0.63,0.2903,1.0,8.3,5.4,52.2,0.0,0.0,0.192,full,ACTIVE
311,29.31,True,0.92,True,True,UPRIGHT,0.7,-0.223,0.004,0.63,0.2966,1.0,8.2,5.5,52.2,0.0,0.1,0.192,full,ACTIVE
312,29.37,True,0.9,True,True,UPRIGHT,0.9,-0.222,0.006,0.63,0.302,1.0,8.1,5.6,52.2,0.00598,0.1,0.192,full,ACTIVE
313,29.44,True,0.9,True,True,UPRIGHT,0.9,-0.222,0.006,0.63,0.3128,1.0,8.0,5.8,52.0,0.0,0.2,0.192,full,ACTIVE
314,29.52,True,0.9,True,True,UPRIGHT,0.9,-0.222,0.006,0.63,0.3298,1.0,7.9,6.5,51.6,0.0,0.3,0.192,full,ACTIVE
315,29.58,True,0.9,True,True,UPRIGHT,0.7,-0.222,0.005,0.63,0.3357,1.0,7.8,7.1,51.1,0.00541,0.3,0.191,full,ACTIVE
316,29.65,True,0.9,True,True,UPRIGHT,0.7,-0.222,0.005,0.63,0.3314,1.0,7.7,7.3,50.7,0.0,0.4,0.191,full,ACTIVE
317,29.71,True,0.9,True,True,UPRIGHT,0.7,-0.222,0.005,0.63,0.324,1.0,7.6,7.3,50.5,0.0,0.5,0.191,full,ACTIVE
318,29.77,True,0.9,True,True,UPRIGHT,0.7,-0.223,0.004,0.62,0.3189,1.0,7.5,7.7,50.3,0.00658,0.5,0.191,full,ACTIVE
319,29.84,True,0.9,True,True,UPRIGHT,0.7,-0.223,0.004,0.62,0.3114,1.0,7.4,8.1,50.2,0.0,0.6,0.191,full,ACTIVE
320,29.91,True,0.9,True,True,UPRIGHT,0.7,-0.223,0.004,0.62,0.3067,0.98,7.3,8.4,50.1,0.0,0.7,0.192,full,ACTIVE
321,29.98,True,0.9,True,True,UPRIGHT,0.7,-0.222,0.005,0.62,0.3053,0.94,7.2,8.9,49.9,0.00542,0.7,0.194,full,ACTIVE
322,30.05,True,0.9,True,True,UPRIGHT,0.7,-0.222,0.005,0.62,0.3107,0.77,7.1,9.3,49.7,0.0,0.8,0.205,full,ACTIVE
323,30.11,True,0.9,True,True,UPRIGHT,0.7,-0.222,0.005,0.62,0.3152,0.69,7.1,9.4,49.7,0.0,0.9,0.21,full,ACTIVE
324,30.17,True,0.94,True,True,UPRIGHT,0.8,-0.217,0.005,0.62,0.3209,0.72,7.0,9.9,50.3,0.01713,0.0,0.203,full,ACTIVE
325,30.24,True,0.94,True,True,UPRIGHT,0.8,-0.217,0.005,0.62,0.3205,0.66,6.9,10.1,50.9,0.0,0.0,0.207,full,ACTIVE
326,30.3,True,0.94,True,True,UPRIGHT,0.8,-0.217,0.005,0.62,0.3178,0.64,6.8,10.2,51.2,0.0,0.1,0.209,full,ACTIVE
327,30.38,True,0.94,True,True,UPRIGHT,0.7,-0.21,0.005,0.62,0.3146,0.4,6.7,10.1,51.4,0.00923,0.0,0.227,full,ACTIVE
328,30.45,True,0.94,True,True,UPRIGHT,0.7,-0.21,0.005,0.62,0.3137,0.43,6.7,9.8,51.7,0.0,0.0,0.224,full,ACTIVE
329,30.51,True,0.94,True,True,UPRIGHT,0.7,-0.21,0.005,0.62,0.3107,0.46,6.6,9.5,52.0,0.0,0.1,0.222,full,ACTIVE
330,30.58,True,0.95,True,True,UPRIGHT,0.7,-0.2,0.005,0.62,0.3124,0.46,6.5,9.7,52.1,0.00749,0.1,0.222,full,ACTIVE
331,30.64,True,0.95,True,True,UPRIGHT,0.7,-0.2,0.005,0.62,0.3105,0.53,6.5,9.8,52.1,0.0,0.2,0.216,full,ACTIVE
332,30.7,True,0.95,True,True,UPRIGHT,0.7,-0.2,0.005,0.62,0.3047,0.44,6.4,9.6,52.1,0.0,0.3,0.224,full,ACTIVE
333,30.77,True,1.04,True,True,UPRIGHT,0.6,-0.188,0.004,0.61,0.3016,0.31,6.3,9.5,52.0,0.01039,0.0,0.235,full,ACTIVE
334,30.85,True,1.04,True,True,UPRIGHT,0.6,-0.188,0.004,0.61,0.3004,0.43,6.2,9.3,52.1,0.0,0.0,0.223,full,ACTIVE
335,30.91,True,1.04,True,True,UPRIGHT,0.6,-0.188,0.004,0.61,0.3029,0.6,6.2,9.5,52.2,0.0,0.1,0.209,full,ACTIVE
336,30.97,True,0.92,True,True,UPRIGHT,0.5,-0.186,0.004,0.61,0.3128,0.61,6.1,10.0,52.1,0.01232,0.0,0.208,full,ACTIVE
337,31.04,True,0.92,True,True,UPRIGHT,0.5,-0.186,0.004,0.61,0.3287,0.7,6.1,10.1,52.2,0.0,0.0,0.201,full,ACTIVE
338,31.1,True,0.92,True,True,UPRIGHT,0.5,-0.186,0.004,0.61,0.3351,0.67,6.0,10.2,52.2,0.0,0.1,0.203,full,ACTIVE
339,31.16,True,0.97,True,True,UPRIGHT,0.4,-0.185,0.003,0.61,0.3429,1.0,5.9,10.4,52.4,0.00491,0.1,0.183,full,ACTIVE
340,31.23,True,0.97,True,True,UPRIGHT,0.4,-0.185,0.003,0.61,0.3366,1.0,5.9,10.6,52.8,0.0,0.2,0.183,full,ACTIVE
341,31.31,True,0.97,True,True,UPRIGHT,0.4,-0.185,0.003,0.61,0.3253,1.0,5.8,10.5,53.2,0.0,0.3,0.183,full,ACTIVE
342,31.38,True,0.98,True,True,UPRIGHT,0.4,-0.18,0.003,0.61,0.3173,0.89,5.8,7.9,1.4,0.00898,0.0,0.059,full,ACTIVE
343,31.44,True,0.98,True,True,UPRIGHT,0.4,-0.18,0.003,0.61,0.3157,0.74,5.7,7.4,17.4,0.0,0.0,0.107,full,ACTIVE
344,31.51,True,0.98,True,True,UPRIGHT,0.4,-0.18,0.003,0.61,0.3032,0.79,5.7,6.4,28.8,0.0,0.1,0.163,full,ACTIVE
345,31.57,True,0.96,True,True,UPRIGHT,0.3,-0.178,0.002,0.61,0.3006,0.71,5.6,5.8,36.6,0.00508,0.1,0.199,full,ACTIVE
346,31.63,True,0.96,True,True,UPRIGHT,0.3,-0.178,0.002,0.61,0.3033,0.66,5.6,5.3,42.3,0.0,0.2,0.203,full,ACTIVE
347,31.7,True,0.96,True,True,UPRIGHT,0.3,-0.178,0.002,0.61,0.3024,0.62,5.5,5.4,46.2,0.0,0.3,0.206,full,ACTIVE
348,31.78,True,0.94,True,True,UPRIGHT,0.2,-0.174,0.001,0.61,0.2992,0.57,5.5,5.5,49.0,0.00304,0.3,0.21,full,ACTIVE
349,31.84,True,0.94,True,True,UPRIGHT,0.2,-0.174,0.001,0.61,0.3014,0.74,5.4,5.5,50.8,0.0,0.4,0.198,full,ACTIVE
350,31.91,True,0.94,True,True,UPRIGHT,0.2,-0.174,0.001,0.61,0.3028,0.72,5.4,5.3,52.4,0.0,0.5,0.199,full,ACTIVE
351,31.97,True,0.96,True,True,UPRIGHT,0.2,-0.161,0.002,0.61,0.3019,0.63,5.3,5.4,53.4,0.01199,0.0,0.203,full,ACTIVE
352,32.03,True,0.96,True,True,UPRIGHT,0.2,-0.161,0.002,0.61,0.2994,0.61,5.3,2.7,2.9,0.0,0.0,0.031,full,ACTIVE
353,32.1,True,0.96,True,True,UPRIGHT,0.2,-0.161,0.002,0.61,0.296,0.45,5.2,3.3,18.4,0.0,0.1,0.121,full,ACTIVE
354,32.17,True,0.98,True,True,UPRIGHT,0.3,-0.156,0.002,0.61,0.2967,0.48,5.2,4.2,29.2,0.00521,0.1,0.183,full,ACTIVE
355,32.24,True,0.98,True,True,UPRIGHT,0.3,-0.156,0.002,0.61,0.3059,0.45,5.1,3.6,15.4,0.0,0.2,0.105,full,ACTIVE
356,32.31,True,0.98,True,True,UPRIGHT,0.3,-0.156,0.002,0.61,0.3197,0.5,5.1,5.3,5.1,0.0,0.3,0.046,full,ACTIVE
357,32.37,True,0.93,True,True,UPRIGHT,0.4,-0.157,0.002,0.61,0.3373,0.48,5.0,6.5,19.4,0.00775,0.3,0.127,full,ACTIVE
358,32.43,True,0.93,True,True,UPRIGHT,0.4,-0.157,0.002,0.61,0.3435,0.54,5.0,7.3,29.4,0.0,0.4,0.181,full,ACTIVE
359,32.5,True,0.93,True,True,UPRIGHT,0.4,-0.157,0.002,0.61,0.3478,0.53,5.0,7.8,36.4,0.0,0.5,0.214,full,ACTIVE
360,32.56,True,0.93,True,True,UPRIGHT,0.3,-0.162,0.002,0.6,0.3453,0.69,4.9,8.3,41.3,0.01272,0.0,0.198,full,ACTIVE
361,32.64,True,0.93,True,True,UPRIGHT,0.3,-0.162,0.002,0.6,0.3376,0.57,4.9,8.9,44.7,0.0,0.0,0.207,full,ACTIVE
362,32.7,True,0.93,True,True,UPRIGHT,0.3,-0.162,0.002,0.6,0.3278,0.62,4.8,9.2,47.0,0.0,0.1,0.203,full,ACTIVE
363,32.77,True,0.89,True,True,UPRIGHT,0.3,-0.167,0.002,0.6,0.334,0.5,4.8,7.6,104.6,0.01225,0.0,0.212,full,ACTIVE
364,32.83,True,0.89,True,True,UPRIGHT,0.3,-0.167,0.002,0.6,0.3431,0.5,4.8,6.6,145.1,0.0,0.0,0.213,full,ACTIVE
365,32.9,True,0.89,True,True,UPRIGHT,0.3,-0.167,0.002,0.6,0.3535,0.43,4.7,7.6,117.9,0.0,0.1,0.219,full,ACTIVE
366,32.96,True,0.92,True,True,UPRIGHT,0.5,-0.159,0.004,0.6,0.364,0.5,4.7,7.9,99.2,0.02047,0.0,0.213,full,ACTIVE
367,33.02,True,0.92,True,True,UPRIGHT,0.5,-0.159,0.004,0.6,0.3612,0.56,4.7,6.7,34.0,0.0,0.0,0.202,full,ACTIVE
368,33.1,True,0.92,True,True,UPRIGHT,0.5,-0.159,0.004,0.6,0.3574,0.41,4.6,6.7,40.5,0.0,0.1,0.221,full,ACTIVE
369,33.17,True,1.01,True,True,UPRIGHT,0.7,-0.164,0.005,0.6,0.3543,0.0,4.6,7.3,44.9,0.02239,0.0,0.275,full,ACTIVE
370,33.23,True,1.01,True,True,UPRIGHT,0.7,-0.164,0.005,0.6,0.3484,0.0,4.5,7.7,47.9,0.0,0.0,0.275,full,ACTIVE
371,33.3,True,1.01,True,True,UPRIGHT,0.7,-0.164,0.005,0.6,0.3451,0.21,4.5,8.2,49.9,0.0,0.1,0.275,full,ACTIVE
372,33.36,True,0.92,True,True,UPRIGHT,0.6,-0.177,0.004,0.6,0.3507,0.35,4.5,8.6,51.2,0.01702,0.0,0.227,full,ACTIVE
373,33.43,True,0.92,True,True,UPRIGHT,0.6,-0.177,0.004,0.6,0.3589,0.28,4.4,8.2,52.3,0.0,0.0,0.275,full,ACTIVE
374,33.49,True,0.92,True,True,UPRIGHT,0.6,-0.177,0.004,0.6,0.3634,0.29,4.4,7.8,53.0,0.0,0.1,0.275,full,ACTIVE
375,33.57,True,0.94,True,True,UPRIGHT,0.6,-0.185,0.004,0.6,0.3667,0.25,4.4,7.8,53.1,0.00754,0.1,0.276,full,ACTIVE
376,33.63,True,0.94,True,True,UPRIGHT,0.6,-0.185,0.004,0.6,0.3706,0.38,4.3,7.3,53.3,0.0,0.2,0.225,full,ACTIVE
377,33.7,True,0.94,True,True,UPRIGHT,0.6,-0.185,0.004,0.6,0.3755,0.31,4.3,7.1,53.6,0.0,0.3,0.233,full,ACTIVE
378,33.76,True,0.97,True,True,UPRIGHT,0.4,-0.189,0.003,0.6,0.3733,0.18,4.3,6.8,53.9,0.0101,0.0,0.274,full,ACTIVE
379,33.82,True,0.97,True,True,UPRIGHT,0.4,-0.189,0.003,0.6,0.3696,0.09,4.3,6.7,54.0,0.0,0.0,0.274,full,ACTIVE
380,33.89,True,0.97,True,True,UPRIGHT,0.4,-0.189,0.003,0.6,0.3759,0.29,4.2,7.3,53.9,0.0,0.1,0.275,full,ACTIVE
381,33.95,True,0.92,True,True,UPRIGHT,0.4,-0.196,0.003,0.6,0.3752,0.42,4.2,7.9,53.7,0.00478,0.1,0.22,full,ACTIVE
382,34.03,True,0.92,True,True,UPRIGHT,0.4,-0.196,0.003,0.6,0.3739,0.44,4.2,8.7,53.6,0.0,0.2,0.218,full,ACTIVE
383,34.1,True,0.92,True,True,UPRIGHT,0.4,-0.196,0.003,0.6,0.3721,0.49,4.1,98.4,53.3,0.0,0.3,0.214,full,ACTIVE
384,34.16,True,0.93,True,True,UPRIGHT,0.3,-0.198,0.002,0.6,0.3736,0.5,4.1,66.0,53.3,0.00903,0.0,0.211,full,ACTIVE
385,34.23,True,0.93,True,True,UPRIGHT,0.3,-0.198,0.002,0.6,0.3674,0.49,4.1,43.4,53.1,0.0,0.0,0.212,full,ACTIVE
386,34.29,True,0.93,True,True,UPRIGHT,0.3,-0.198,0.002,0.6,0.3649,0.56,4.1,27.8,53.1,0.0,0.1,0.206,full,ACTIVE
387,34.35,True,0.96,True,True,UPRIGHT,0.3,-0.196,0.002,0.6,0.3608,0.34,4.0,17.3,53.5,0.01098,0.0,0.226,full,ACTIVE
388,34.43,True,0.96,True,True,UPRIGHT,0.3,-0.196,0.002,0.6,0.359,0.21,4.0,10.0,53.7,0.0,0.0,0.274,full,ACTIVE
389,34.5,True,0.96,True,True,UPRIGHT,0.3,-0.196,0.002,0.6,0.3585,0.38,4.0,4.9,53.8,0.0,0.1,0.222,full,ACTIVE
390,34.56,True,0.91,True,True,UPRIGHT,0.3,-0.199,0.002,0.6,0.3579,0.33,3.9,1.3,53.8,0.01024,0.0,0.227,full,ACTIVE
391,34.62,True,0.91,True,True,UPRIGHT,0.3,-0.199,0.002,0.6,0.3578,0.31,3.9,1.0,54.1,0.0,0.0,0.23,full,ACTIVE
392,34.69,True,0.91,True,True,UPRIGHT,0.3,-0.199,0.002,0.6,0.358,0.28,3.9,2.9,54.5,0.0,0.1,0.274,full,ACTIVE
393,34.75,True,0.95,True,True,UPRIGHT,0.2,-0.196,0.001,0.6,0.3548,0.3,3.9,4.7,54.6,0.01115,0.0,0.273,full,ACTIVE
394,34.82,True,0.95,True,True,UPRIGHT,0.2,-0.196,0.001,0.6,0.3499,0.41,3.8,6.5,54.6,0.0,0.0,0.219,full,ACTIVE
395,34.9,True,0.95,True,True,UPRIGHT,0.2,-0.196,0.001,0.6,0.347,0.42,3.8,7.9,54.4,0.0,0.1,0.219,full,ACTIVE
396,34.96,True,0.93,True,True,UPRIGHT,0.2,-0.202,0.001,0.6,0.3453,0.42,3.8,8.8,54.2,0.01006,0.0,0.218,full,ACTIVE
397,35.02,True,0.93,True,True,UPRIGHT,0.2,-0.202,0.001,0.6,0.3468,0.42,3.8,9.1,54.1,0.0,0.0,0.217,full,ACTIVE
398,35.09,True,0.93,True,True,UPRIGHT,0.2,-0.202,0.001,0.6,0.3513,0.41,3.8,9.3,53.8,0.0,0.1,0.219,full,ACTIVE
399,35.15,True,0.97,True,True,UPRIGHT,0.2,-0.206,0.001,0.6,0.355,0.3,3.7,9.2,53.6,0.00642,0.1,0.231,full,ACTIVE
400,35.22,True,0.97,True,True,UPRIGHT,0.2,-0.206,0.001,0.6,0.3567,0.22,3.7,9.6,53.4,0.0,0.2,0.275,full,ACTIVE
401,35.28,True,0.97,True,True,UPRIGHT,0.2,-0.206,0.001,0.6,0.3566,0.66,3.7,97.9,53.3,0.0,0.3,0.197,full,ACTIVE
402,35.36,True,0.88,True,True,UPRIGHT,0.2,-0.213,0.001,0.6,0.3536,0.56,3.7,172.9,53.3,0.00686,0.3,0.206,full,ACTIVE
403,35.42,True,0.88,True,True,UPRIGHT,0.2,-0.213,0.001,0.6,0.3496,0.54,3.6,117.7,53.7,0.0,0.4,0.209,full,ACTIVE
404,35.49,True,0.88,True,True,UPRIGHT,0.2,-0.213,0.001,0.6,0.3464,0.44,3.6,186.8,54.1,0.0,0.5,0.218,full,ACTIVE
405,35.55,True,0.9,True,True,UPRIGHT,0.2,-0.219,0.001,0.6,0.3498,0.62,3.6,127.6,54.6,0.0035,0.5,0.201,full,ACTIVE
406,35.61,True,0.9,True,True,UPRIGHT,0.2,-0.219,0.001,0.6,0.3454,0.6,3.6,193.2,54.5,0.0,0.6,0.204,full,ACTIVE
407,35.68,True,0.9,True,True,UPRIGHT,0.2,-0.219,0.001,0.6,0.3474,0.56,3.6,239.5,54.7,0.0,0.7,0.207,full,ACTIVE
408,35.74,True,0.9,True,True,UPRIGHT,0.2,-0.222,0.001,0.6,0.3448,0.56,3.5,271.9,54.9,0.00516,0.7,0.208,full,ACTIVE
409,35.82,True,0.9,True,True,UPRIGHT,0.2,-0.222,0.001,0.6,0.3434,0.58,3.5,294.2,54.9,0.0,0.8,0.207,full,ACTIVE
410,35.89,True,0.9,True,True,UPRIGHT,0.2,-0.222,0.001,0.6,0.3387,0.71,3.5,309.9,54.9,0.0,0.9,0.196,full,ACTIVE
411,35.95,True,0.93,True,True,UPRIGHT,0.2,-0.227,0.001,0.6,0.342,0.6,3.5,321.1,54.8,0.01027,0.0,0.2,full,ACTIVE
412,36.01,True,0.93,True,True,UPRIGHT,0.2,-0.227,0.001,0.6,0.3389,0.49,3.4,329.2,54.9,0.0,0.0,0.21,full,ACTIVE
413,36.08,True,0.93,True,True,UPRIGHT,0.2,-0.227,0.001,0.6,0.3295,0.57,3.4,334.9,54.7,0.0,0.1,0.203,full,ACTIVE
414,36.14,True,0.93,True,True,UPRIGHT,0.3,-0.227,0.002,0.6,0.3055,0.94,3.4,338.3,54.5,0.01013,0.0,0.175,full,ACTIVE
415,36.22,True,0.93,True,True,UPRIGHT,0.3,-0.227,0.002,0.6,0.2852,0.93,3.4,341.0,54.5,0.0,0.0,0.176,full,ACTIVE
416,36.29,True,0.93,True,True,UPRIGHT,0.3,-0.227,0.002,0.6,0.2465,1.0,3.4,342.8,54.5,0.0,0.1,0.172,full,ACTIVE
417,36.35,True,0.99,True,True,UPRIGHT,0.5,-0.223,0.003,0.6,0.207,1.0,3.4,344.2,54.5,0.01347,0.0,0.271,full,ACTIVE
418,36.42,True,0.99,True,True,UPRIGHT,0.5,-0.223,0.003,0.6,0.1849,1.0,3.3,345.5,54.7,0.0,0.0,0.361,full,ACTIVE
419,36.48,True,0.99,True,True,UPRIGHT,0.5,-0.223,0.003,0.6,0.186,1.0,3.3,239.0,55.2,0.0,0.1,0.357,full,ACTIVE
420,36.54,True,0.95,True,True,UPRIGHT,0.5,-0.213,0.004,0.6,0.1802,1.0,3.3,166.1,3.5,0.01146,0.0,0.38,full,ACTIVE
421,36.61,True,0.95,True,True,UPRIGHT,0.5,-0.213,0.004,0.6,0.1921,1.0,3.3,115.1,32.8,0.0,0.0,0.331,full,ACTIVE
422,36.69,True,0.95,True,True,UPRIGHT,0.5,-0.213,0.004,0.6,0.207,1.0,3.3,79.7,57.9,0.0,0.1,0.271,full,ACTIVE
423,36.75,True,0.94,True,True,UPRIGHT,0.5,-0.209,0.004,0.6,0.2089,1.0,3.2,55.1,75.2,0.00669,0.1,0.264,full,ACTIVE
424,36.81,True,0.94,True,True,UPRIGHT,0.5,-0.209,0.004,0.6,0.206,1.0,3.2,38.5,87.0,0.0,0.2,0.276,full,ACTIVE
425,36.88,True,0.94,True,True,UPRIGHT,0.5,-0.209,0.004,0.6,0.2108,1.0,3.2,24.9,43.3,0.0,0.3,0.256,full,ACTIVE
426,36.95,True,0.8,True,True,UPRIGHT,0.4,-0.218,0.003,0.6,0.2219,0.94,3.2,17.3,64.6,0.01845,0.0,0.212,full,ACTIVE
427,37.01,True,0.8,True,True,UPRIGHT,0.4,-0.218,0.003,0.6,0.233,0.91,3.2,9.9,27.7,0.0,0.0,0.143,full,ACTIVE
428,37.07,True,0.8,True,True,UPRIGHT,0.4,-0.218,0.003,0.6,0.245,1.0,3.2,4.8,1.9,0.0,0.1,0.035,full,ACTIVE
429,37.15,True,0.96,True,True,UPRIGHT,0.5,-0.219,0.003,0.6,0.2562,0.79,3.1,1.2,16.0,0.00992,0.0,0.091,full,ACTIVE
430,37.22,True,0.96,True,True,UPRIGHT,0.5,-0.219,0.003,0.6,0.2602,0.77,3.1,1.0,23.2,0.0,0.0,0.127,full,ACTIVE
431,37.28,True,0.96,True,True,UPRIGHT,0.5,-0.219,0.003,0.6,0.2594,0.78,3.1,0.6,50.8,0.0,0.1,0.186,full,ACTIVE
432,37.35,True,0.83,True,True,UPRIGHT,0.5,-0.215,0.003,0.6,0.265,0.9,3.1,1.7,18.5,0.00772,0.1,0.1,full,ACTIVE
433,37.41,True,0.83,True,True,UPRIGHT,0.5,-0.215,0.003,0.6,0.2747,1.0,3.1,3.3,3.9,0.0,0.2,0.032,full,ACTIVE
434,37.47,True,0.83,True,True,UPRIGHT,0.5,-0.215,0.003,0.6,0.283,1.0,3.1,4.4,19.2,0.0,0.3,0.101,full,ACTIVE
435,37.54,True,0.89,True,True,UPRIGHT,0.4,-0.216,0.003,0.6,0.2919,1.0,3.0,5.5,29.5,0.0085,0.0,0.146,full,ACTIVE
436,37.62,True,0.89,True,True,UPRIGHT,0.4,-0.216,0.003,0.6,0.3017,1.0,3.0,6.0,36.8,0.0,0.0,0.171,full,ACTIVE
437,37.68,True,0.89,True,True,UPRIGHT,0.4,-0.216,0.003,0.6,0.3069,1.0,3.0,6.3,41.9,0.0,0.1,0.171,full,ACTIVE
438,37.74,True,0.96,True,True,UPRIGHT,0.3,-0.222,0.002,0.6,0.3136,1.0,3.0,6.2,45.5,0.00659,0.1,0.171,full,ACTIVE
439,37.81,True,0.96,True,True,UPRIGHT,0.3,-0.222,0.002,0.6,0.3186,1.0,3.0,6.3,47.9,0.0,0.2,0.171,full,ACTIVE
440,37.87,True,0.96,True,True,UPRIGHT,0.3,-0.222,0.002,0.6,0.325,1.0,3.0,6.4,49.7,0.0,0.3,0.171,full,ACTIVE
441,37.94,True,0.8,True,True,UPRIGHT,0.4,-0.224,0.003,0.6,0.3309,1.0,3.0,6.8,51.0,0.00805,0.0,0.17,full,ACTIVE
442,38.0,True,0.8,True,True,UPRIGHT,0.4,-0.224,0.003,0.6,0.3273,1.0,2.9,7.3,106.7,0.0,0.0,0.17,full,ACTIVE
443,38.08,True,0.8,True,True,UPRIGHT,0.4,-0.224,0.003,0.6,0.321,1.0,2.9,7.4,146.0,0.0,0.1,0.171,full,ACTIVE
444,38.14,True,0.83,True,True,UPRIGHT,0.5,-0.217,0.003,0.59,0.3088,1.0,2.9,6.8,66.4,0.01544,0.0,0.17,full,ACTIVE
